MFCC1,MFCC2,MFCC3,MFCC4,MFCC5,MFCC6,MFCC7,MFCC8,MFCC9,MFCC10,MFCC11,MFCC12,MFCC13,MFCC14,MFCC15,MFCC16,MFCC17,MFCC18,MFCC19,MFCC20,Energy,Spectral_Centroid,Spectral_Bandwidth,Spectral_Rolloff,Zero_Crossing_Rate,Chroma_STFT,Age,Gender
-366.55695,96.14337,-2.866914,31.80691,2.2421713,8.424315,-7.6753583,-9.536948,-13.399293,-1.5965111,1.6084505,-2.7940714,-3.681298,-0.5361642,-6.6510997,-2.3162162,2.0240977,-4.1875577,-1.3515731,0.64988345,0.05175748,3222.753216098627,3281.3398714235727,6107.317573502219,0.08257731601331361,0.3836486,14,0
-454.59766,144.38069,7.7406135,56.81856,22.238607,6.537725,20.596169,-18.960901,-17.134222,-3.7456927,-7.0286593,-3.480777,-8.009133,1.0221031,3.5422723,-8.133476,-2.108638,2.3819783,-4.519656,-7.055279,0.024117582,1448.937195490714,1778.02836895405,2865.9156976744184,0.03533269510286225,0.42377076,14,1
-431.79056,164.32738,-12.63498,20.614021,25.2947,-2.0995405,12.555015,5.023346,-3.4131508,-1.8789413,-10.183107,-7.076048,-3.671795,-8.9229765,-9.350117,-5.3486342,-1.645715,-2.8056214,-4.164583,-3.4043195,0.03774907,1374.2406456442777,1489.2436668907426,2596.201217156105,0.031111892629443586,0.38234454,16,0
-415.87134,136.41692,4.20256,11.670148,3.5290956,-9.577717,6.84332,-6.439352,-20.53838,-12.95316,-5.3637657,-5.3699894,-10.377372,-5.2934027,-3.8552642,-12.204639,-7.416758,-2.6344864,-5.5878854,-3.11822,0.056115143,1604.7957039719001,1554.3210548252432,2778.9503528225805,0.049769247731854836,0.42319077,16,1
-447.3146,89.844025,15.623257,9.609632,5.284478,6.3732815,-13.552106,-4.342308,-6.574659,-7.0625787,1.2148314,-4.186775,-7.1365795,4.5899644,-5.450065,-2.4074574,-2.338058,-5.081201,-1.7079054,-1.3680446,0.029798262,4456.360987380155,4412.529031821099,8337.175626376653,0.1087067501835536,0.3826682,17,0
-339.30322,181.06464,2.4485526,6.0411105,13.134788,1.1476872,11.510131,0.6641327,-2.5149777,-0.023333296,-10.920495,-5.6049037,-3.9426925,-10.928323,0.22382356,0.032823566,-11.859727,-1.1571497,3.8794525,-8.499847,0.09506679,1240.7924393341077,1265.0651027665708,2213.856064920273,0.03346450562357631,0.45888996,17,1
-484.06763,129.48167,9.4739275,23.243822,23.223612,-7.154191,-7.4777617,-10.36375,-8.894673,-0.764804,-12.650293,-14.305826,0.38670903,-3.3646126,-11.497676,-5.981114,-3.352488,-5.471605,-6.356858,-7.15559,0.026190883,1568.8200769855155,1546.3348201213796,2927.6116071428573,0.045049525669642855,0.4401856,18,0
-347.99026,119.99654,-18.127186,13.867529,-1.0389222,-8.176768,5.066478,-13.144296,-5.8394055,-8.146798,-15.821545,-2.751184,-7.7709227,-8.896674,-0.9269165,-6.1049347,-4.980285,1.3315258,-4.541851,-9.413971,0.06848031,2354.407945915996,1939.000140750979,4257.828844142259,0.07696865193514645,0.4672666,18,1
-352.72723,196.45175,15.352299,1.6022059,21.478043,12.101001,7.62571,-4.8599796,-7.438981,3.4608517,0.298666,-6.8606024,-3.172214,3.45772,1.6954935,-4.40167,-2.0477664,1.8436626,-1.6985322,-4.4823327,0.07078615,852.7439328782386,1093.257073374506,1634.406887755102,0.020279864875637755,0.4460011,19,0
-373.5084,148.9079,-6.883033,35.863216,26.899971,-2.660961,11.602675,-5.8537083,-2.6609163,8.392257,-14.03087,-10.672868,-0.4237824,-9.172015,-3.8104987,-2.1536946,-6.893723,0.7526462,-1.8857903,-6.2900534,0.051047996,1710.9530374147364,1839.782495302003,3475.78125,0.047637101715686275,0.51502544,19,1
-434.52588,131.43845,-19.945963,28.350117,6.8241425,-5.853072,9.115431,-24.736843,-15.608563,0.6549721,-8.988516,-1.6863431,-3.0831814,-6.4401884,-2.6869857,-6.030446,-4.504027,-3.4422922,-8.926197,-5.7207637,0.026944889,2215.758663343656,1938.9572940984776,4023.9093959731545,0.06467159535794184,0.37501064,20,0
-442.5729,171.89943,34.842052,11.47661,18.262733,6.944705,6.933992,4.279664,-0.8186038,2.3801358,-1.8802545,-9.261338,-7.9957156,-5.092141,-3.0567558,-1.0892038,-0.8772242,-1.6941742,-4.0246124,-4.8301916,0.04781596,931.7373386693235,1171.7731572726505,1779.2410714285713,0.02122550843253968,0.48867783,20,1
-466.58493,160.96385,-11.797687,13.846097,25.802654,0.7896134,2.6289492,-6.64436,-9.592251,-2.322268,-3.716387,-6.7423077,-8.406723,-6.821663,-10.036134,-8.904537,2.3535244,-4.1470656,-16.674215,-9.950385,0.023687094,1428.0967496779601,1517.95957225337,2840.2206688596493,0.028991342288011698,0.37314776,21,0
-350.24875,168.76915,-25.7171,26.591955,22.914013,-11.281807,5.065984,-6.945994,-13.880738,-9.802431,-11.061673,-7.121539,-11.042724,-7.7884226,-3.615169,-13.125341,-8.081619,4.124297,-3.9264235,-8.929094,0.058607385,1863.3504195385603,1553.5428640876319,3279.590974903475,0.05721374276061776,0.41399068,21,1
-415.24152,98.4772,-21.64725,24.682178,-6.1394506,13.633408,-7.2762494,-0.13793425,-10.789034,-9.085947,-2.0953786,-14.043362,-5.979958,-6.8768835,-10.585594,-8.896767,-5.3133006,-11.185024,-8.852126,-9.910254,0.028589992,3318.5170946920366,3120.9218995796637,6152.705536912752,0.08650639681208054,0.3828348,22,0
-364.18292,181.36237,-17.824965,14.638862,23.631361,3.8832111,8.163237,11.621402,4.709203,-0.37003374,-6.186192,0.121314496,-4.2106137,-6.1367073,1.395582,1.3403989,-0.80071574,0.18882608,6.0563526,-2.6898046,0.041115426,1619.3977043058594,2147.747190172066,3109.6303863298663,0.03348172826894502,0.5248832,22,1
-312.91266,124.476135,-11.245976,11.433428,-12.457869,-15.829284,-7.908966,-9.358559,2.5295887,-15.412124,-21.120152,1.8198527,-10.411159,-5.5614295,-5.053298,-8.345996,1.4658251,-6.0944347,-3.7909014,-4.564121,0.05859594,2844.080571923442,3197.8386004090153,4996.637788240818,0.07453421718489149,0.3489394,23,0
-280.92502,145.66794,-6.8431654,46.87211,11.575135,-12.557308,13.351119,-12.691187,-9.5070715,0.57279295,-10.537886,-2.4310641,-4.9447684,-7.356631,1.396216,-6.363693,-7.4855933,5.993325,-2.2424994,-12.181448,0.1241761,2014.9804765944855,1966.4761176753063,3899.756065400844,0.06130230309423347,0.43974185,23,1
-578.80225,92.480125,-2.7613618,20.093721,24.172869,9.844415,3.4981167,-14.112039,-10.259703,-2.3264024,-7.331945,-1.0388283,1.3324132,-5.7911344,-5.4407163,-5.5412116,-7.3688912,-5.1182594,-8.662774,-9.461738,0.01134086,1996.2123473835893,1766.537728628007,3729.7788633651553,0.06375391557279236,0.45488134,24,0
-385.63907,172.78621,19.061232,18.693863,1.6508086,17.750698,-2.6500914,9.602985,13.852297,-10.786552,-5.7778316,13.124416,-2.7297807,-3.5958269,9.313769,-5.0753446,-0.64606494,-1.1442208,1.7584023,-4.03219,0.05424155,1718.9248286289821,2398.7040313324087,3087.877155172414,0.03615750718390805,0.56546974,24,1
-446.67337,134.86835,-19.02444,38.264145,9.125159,-8.979489,20.335348,-9.460109,-11.461091,0.13292114,-19.04166,-21.91723,-10.677539,-4.670254,-4.914307,-3.9857974,-2.5242617,-2.9655912,-3.4466805,-8.569754,0.026205387,2157.8597590406325,1745.0775292673814,3802.765541888298,0.06506802173371011,0.34431878,25,0
-523.15717,97.345345,-2.7440612,46.24273,-12.478531,37.42545,-12.513838,13.576292,-6.92823,2.504744,1.8500429,-3.2591112,1.0553043,0.035111457,7.002484,-1.5793289,8.30231,-1.1468796,9.170665,-0.8177064,0.00374493,4716.217575629272,4544.637202912088,10137.653862478777,0.10893397177419355,0.6220046,25,1
-602.08026,144.45741,39.385742,10.339809,1.0494778,-7.5138707,-0.560772,-3.5646558,-11.768687,-9.047221,-5.869403,-4.950806,-6.220477,-8.800753,-4.2884917,-0.78915,-5.100144,-4.896228,-0.64271724,-0.5771433,0.009244454,1243.5888549693386,1264.755044799649,2157.4921548117154,0.036980664879707116,0.3755788,26,0
-348.41605,167.44673,3.7508273,16.875738,10.253883,3.583278,-1.4557716,-3.2649343,2.7524176,-10.295931,-10.90933,2.1515744,-0.8349274,-6.035855,-2.2871747,-4.027658,-3.0572472,0.71717936,-0.76799244,-3.8701365,0.042031623,1580.8340682696958,1955.8019144222567,2969.2979789994765,0.04063331407013259,0.43190366,26,1
-332.25635,130.51538,-10.428409,18.224945,-6.3821807,7.191439,-22.067251,-1.9496711,-7.6085033,-13.750528,-2.159595,7.3793707,-7.534345,-5.867655,10.675234,-6.4130096,0.039289035,0.5420237,-7.2891617,-2.35047,0.04789684,2718.390170861627,2820.6411980755142,4834.310281065089,0.07445374137080868,0.31717786,27,0
-314.2138,121.620445,-11.295801,22.731161,1.6760782,5.9620085,-6.1687346,-3.3550036,8.45093,-7.0140023,-13.00672,4.0188828,3.6041594,-1.9293041,3.216521,0.570635,1.2089146,0.96969545,-0.44391733,-1.1813956,0.049258716,2602.8752165575493,2703.976798498672,5015.694391196169,0.06817574995305459,0.36830434,27,1
-365.54147,110.43269,-27.55152,33.177494,-12.490157,22.291615,-25.813345,20.341896,-1.6730099,-0.3249952,4.46252,-3.058453,4.782227,-10.45976,6.9388046,-13.832454,3.9461987,-7.2574077,-7.5431943,-2.6360145,0.026662098,3659.1130417051586,3582.2253728050546,7609.6409280711205,0.09950666756465518,0.43665776,28,0
-237.25638,156.2065,-25.304073,40.917007,-7.3095403,10.022635,-8.565765,-0.4200551,-5.3207703,-7.0588956,-4.669679,-1.4803255,-2.7911842,-1.5709101,4.1845856,-0.18240075,1.7724533,-0.72475487,-0.21558356,-5.9726524,0.11101972,2304.359210710646,2412.9865538253057,4198.3534592848555,0.06087834284855769,0.3644349,28,1
-335.12558,132.8327,-50.4446,37.684845,-9.00681,13.700943,-16.795752,2.993126,2.589879,-13.440613,4.081493,3.8112638,-1.434644,-1.6057442,3.369767,-4.7265453,-3.564121,0.6350499,-8.343279,-6.9309845,0.029804055,2837.400957991684,2688.0631835636877,5273.736046311373,0.07646347382264529,0.3485751,29,0
-443.4334,191.90938,7.5105886,9.873148,35.718494,11.154331,8.487608,14.551045,6.115081,-3.0036135,-1.8040581,4.410957,-3.7523136,-12.432695,-5.023983,-2.091247,-2.5287528,3.6396835,0.8331461,-5.2958508,0.034806386,870.8128602104739,1205.816209483678,1708.5975241545893,0.017504214472624798,0.54733354,29,1
-386.9458,91.64227,-36.413578,31.054075,-33.377537,2.1544049,-21.915073,-11.748346,-4.9385223,-16.385729,-0.8994984,-8.605932,-7.978047,-4.904567,-3.3350303,-8.620831,-0.4021525,-1.1389514,-5.5710864,-5.267887,0.025994845,3432.844873291471,2878.235796270588,6363.717965099299,0.09984297639908767,0.30097893,30,0
-368.1741,110.56746,6.455699,25.672197,-0.376624,17.435944,-8.17485,-3.4749663,-9.493232,-6.9312186,-9.107457,-4.893929,-4.010515,-10.352643,1.2155627,-2.4169137,-2.888969,-1.3283106,-0.22433779,2.2322853,0.034441028,2644.870935213779,2992.418727889046,5131.3623046875,0.06810302734375,0.42548993,30,1
-373.32892,129.29895,-47.86847,16.731503,-9.189717,-2.358409,-20.226519,-17.651577,-11.866445,-14.862309,-5.349599,-7.580339,-12.930412,-4.185175,-3.5473454,-12.481628,-7.332134,-3.3108768,-10.770566,-12.532751,0.029234096,2391.363907459075,2285.037449245463,4262.83321544705,0.06288966484022941,0.30087987,31,0
-456.76746,140.28853,16.600426,5.077063,5.9392514,-2.192379,-3.4213371,-14.793609,-11.977612,-3.856003,-6.329276,-5.6962743,-9.145437,-6.8823214,3.2960987,-4.531194,-13.486281,-5.2559314,-0.48972502,-5.462739,0.015336914,1152.315499041859,1388.8606405700077,2085.1427776057544,0.028818518165650408,0.40470064,31,1
-350.61566,142.30833,-8.133631,45.89477,-6.7522836,24.837072,1.2325104,-7.648839,16.980503,-6.4103026,7.3939934,-1.8833919,3.2791247,3.0544791,-5.541585,3.6999762,-4.010849,2.2845595,-3.2882235,-1.9469252,0.029597439,2283.3221741641332,2665.9184777475616,4921.680639686525,0.04956016600039002,0.46869794,32,0
-379.51364,92.57047,10.096037,21.989311,1.3937798,7.221571,0.9704709,2.5224528,-1.6184732,-1.8051699,-0.6909929,-3.6198778,-3.9582658,-3.7183785,2.0480337,-3.5863738,-6.01724,-0.9932575,-0.24548998,-5.26581,0.03998268,2186.3986034391132,2597.02974598269,4303.000933288602,0.05354988722019187,0.51265603,32,1
-365.31696,117.99695,-3.9334545,21.245052,-14.535585,-10.554726,-25.624252,-9.132861,-11.61675,-4.729155,-9.264723,-8.466861,-11.839311,-9.405147,-8.096352,-10.021477,-5.4066296,-12.346304,-12.015136,-12.557218,0.030685008,2756.6690785420274,3154.6062961327734,5269.3826900778995,0.06246464534176873,0.3406994,33,0
-518.77216,88.28003,-0.6069701,29.20048,5.5781775,18.710629,7.0796146,7.226558,5.509419,4.710509,3.5820236,-2.0712798,0.40407732,-3.556402,0.15238367,-0.23088257,-3.5600693,-1.407908,0.72721213,-2.1293037,0.016285371,1907.2998981050312,2405.1659127868747,3853.223381420173,0.036657352258663366,0.4480167,33,1
-310.97385,149.71504,-37.83365,16.649115,-8.770118,-16.179276,-16.526476,0.6466102,-6.640295,-17.000055,-6.2123775,-10.416164,-11.217608,-7.9147034,-1.1696119,-7.522988,-6.464941,0.08758037,-7.5886316,-4.213685,0.054083973,2115.1246390725582,2272.8892761333054,4015.128448340311,0.05038898960825359,0.29846445,35,0
-250.8382,108.69041,-31.94724,61.409977,-10.840617,14.140255,1.4863583,11.782567,-4.334208,-0.24930695,-2.100646,-8.852537,0.06827167,-9.072044,-0.5223046,-1.8883989,-5.917163,-2.1280737,2.1192377,-8.400177,0.07527528,3316.0193968994195,2931.7993411530256,6199.510004049958,0.09278731840510034,0.46088934,35,1
-310.24414,121.24332,-4.314576,40.24897,-16.508924,15.370594,-7.788929,12.730502,-3.4625835,0.94650185,4.089731,-8.557677,5.565929,-6.727121,4.302166,-1.1458495,-2.4885857,1.4889909,0.9095879,-1.7954837,0.037110545,3206.1819611244846,3583.175691285143,7553.966983823992,0.07207965994962216,0.4968598,36,1
-346.02853,155.32082,-16.706951,46.44502,-5.380546,-4.8148584,-7.2028356,-5.607998,-3.57826,-12.940509,5.484993,-7.5530186,-0.9633421,3.0972724,-7.8247347,-1.2949075,-2.0748038,-0.76635337,-4.8020954,-1.9765621,0.027915223,2214.6386510940447,2532.504627953093,4519.234815291049,0.05033105621099844,0.3327831,37,0
-286.69238,141.40657,-13.071227,57.822495,23.496906,0.10019715,6.8328495,9.125723,-1.5642139,-15.273969,-12.970928,-1.6391017,-3.9029963,-1.0940193,1.3266776,-10.619584,-4.1350417,2.207421,-1.7653368,-6.040901,0.06787875,2023.3427104773905,2358.55394431545,4171.960600497498,0.04703651915514776,0.42770183,37,1
-355.3281,151.78415,3.7841022,5.061576,1.1578726,8.744427,-14.603765,-2.7433288,2.2148428,-8.885457,-2.4594488,3.7922926,-1.9206339,-1.2761625,1.2363384,-0.89987886,1.735063,0.90055525,-1.367178,-1.8466309,0.03048277,2236.179191089475,2537.963868783441,4068.835687238858,0.06270673746518106,0.42887813,38,0
-291.85776,175.0845,-12.5355215,34.565678,36.681637,18.956045,0.01412912,-2.2027633,1.5135815,-9.929768,0.7679361,1.8100667,-3.460795,1.9980409,6.2262897,1.6941087,-2.336441,6.7239084,4.8478127,-0.8843049,0.08939706,1333.3164154147232,1747.8739441330554,2615.6508501838234,0.027740119485294118,0.49445722,38,1
-355.45767,147.03403,-11.085842,28.98949,-6.22301,8.817702,-6.2016153,-0.48990655,-0.39390364,-9.022398,-2.5742617,5.1778927,-4.9296827,-4.383055,0.10430083,-2.3625658,3.0379944,1.4055524,2.296122,-0.28655994,0.023834167,2422.730233426388,2902.3039970687387,4751.117356052602,0.05729550398965747,0.43935224,39,0
-291.86212,161.52608,-11.603139,31.750994,4.8412256,-1.3123537,-11.248132,-4.193822,-3.8498716,-11.971291,-4.563246,-2.5823572,-10.725307,-3.2728605,5.78408,-7.6890225,-4.4089212,5.3638597,-3.3014355,-9.911119,0.06820583,1960.3848693169746,2383.4518060765035,3813.5882753314395,0.041725030250420875,0.38561136,39,1
-305.06848,115.65194,6.0977454,10.885695,-16.317783,6.041229,-15.370905,-6.517645,-5.2116747,-11.123488,-3.6207252,3.388491,-5.187637,-5.0199704,-2.6568775,-4.5016966,-0.86143863,-2.824863,-1.4378178,-3.7856662,0.076939434,2868.805402531615,2999.658665278541,5103.9729881607545,0.07794316110487942,0.3583475,40,0
-386.75806,141.31291,-19.306252,33.049522,5.895638,16.675192,-5.0331335,-2.6778376,-8.863934,-6.988517,-4.974696,-8.457573,-6.991164,-8.095069,-3.9867592,-4.1681137,-6.169289,-1.4524258,1.1267099,-9.707959,0.022373714,2226.770942838757,2480.288060676105,4118.0837470794395,0.05775126383789497,0.43619445,40,1
-318.7245,145.33737,-3.1426833,16.88155,-6.410401,5.677263,-17.95981,1.7902131,-6.060281,-15.649902,-12.210254,5.0059123,-5.048376,-8.579674,4.201375,-3.8896608,-3.1286118,1.2761669,-6.1460567,-6.5743294,0.041304953,2655.3640380412326,2744.64605488303,4991.268868242451,0.07573872227822581,0.33263254,41,0
-234.52583,145.54713,-23.529938,43.80054,5.1598186,-1.8639892,-7.607928,-8.310884,-5.691328,-6.9601912,-4.5899844,0.18541726,-3.1445951,-2.1168027,4.0401525,-6.4813204,-5.746253,5.116295,2.7001977,-5.333136,0.12989883,2125.1909611070514,2292.2849337293746,4050.5133798189254,0.05264832276368491,0.3603699,41,1
-285.19186,125.42519,-4.7971396,17.479816,9.601821,-1.182645,-7.8646455,-0.16919923,-3.8359895,-11.2914,0.42259568,4.204434,-2.0349357,-3.888183,2.6861303,-1.0635974,-1.5399083,2.4202857,-0.79675627,-4.1319613,0.08110677,2118.5526643300404,2406.594440167179,4138.338311816909,0.05268163631980162,0.37099835,42,0
-332.89832,109.0188,18.538225,56.788437,9.854516,26.777308,9.143782,2.3199704,0.020049997,1.1125637,-1.1587151,1.9665767,2.8822486,-6.867054,-1.140164,-2.3252273,1.6215843,-2.683471,-5.9225726,-3.88968,0.06894356,2152.8692992549113,2615.4480683508837,3904.9963525978915,0.049662657325731496,0.48845893,42,1
-254.38113,129.58963,-35.46919,36.41623,-6.4027805,11.213165,-18.299162,4.36493,-3.2184086,-11.8286085,0.08240498,-0.08349261,-10.08142,-2.7444088,1.9767942,-9.440178,1.8450522,-0.9167764,-2.8709023,-0.85866904,0.060087368,2938.5566555292335,2944.486558826265,5572.231351264012,0.07689018960175245,0.37141377,43,0
-275.5457,126.4192,-13.866355,51.44744,12.47688,25.16467,-9.969082,-4.468502,-8.516375,-12.653848,-2.1591136,-0.7782253,-1.6712348,-4.9443965,3.3307555,-5.08985,-4.394573,1.8616292,-3.119502,-8.71283,0.08147577,2448.7297544739286,2772.9984852344082,4796.124983162716,0.053150536548132184,0.42279357,43,1
-302.2678,150.41292,-10.701727,27.593792,14.028686,9.358422,-13.728473,-7.594012,-8.33978,-8.750913,-0.5254852,1.7355512,-5.21722,-5.927582,7.602381,-8.549676,-3.7521431,1.6635115,-2.6342258,1.3935231,0.058166865,2079.3577463295806,2405.9128499016088,4013.001776727421,0.048223219447089224,0.37351143,44,0
-276.45132,111.169495,10.146535,59.3888,5.878661,25.248892,-9.706845,-1.3427753,-12.019721,0.6682821,-9.708729,0.1467208,-2.7412474,-5.3120117,0.86739457,-8.487162,-2.1653132,-1.5782464,-0.5589353,-8.271322,0.1197563,2591.8394634868996,3057.6286360039635,5016.888286191145,0.05415426805165144,0.42643097,44,1
-395.48022,154.06982,-1.9555506,8.702226,15.750393,-14.24525,-9.369674,-5.730794,-9.437473,-6.0589314,-11.554295,-13.886518,-5.8889565,-3.5911212,-6.407358,-5.2929535,-1.9434948,-3.5634851,-7.713903,-3.637817,0.05737605,1455.4379947916118,1388.1209263015037,2618.4593023255816,0.04380580357142857,0.3673711,45,0
-243.22163,100.26697,7.630448,50.88061,8.505075,26.704435,-17.370655,7.62347,-6.4979715,9.751041,-7.1378245,6.8243484,4.1226954,-2.9428527,1.2457466,-3.2968333,1.6714606,-3.7258055,5.4527254,-5.9909763,0.12726855,3504.083732493827,3817.1321587866823,7224.362799057045,0.07429708606088944,0.52156866,45,1
-286.61517,135.45172,-13.205602,18.943645,-8.303166,-4.3222537,-22.075258,0.82661945,-6.5661564,-13.745871,2.7543058,1.3014909,1.4933158,4.2761583,4.811671,-0.5014093,4.8359575,-3.0997121,-6.5814767,-2.8236141,0.07065851,2532.300733609093,2523.6276868076525,4509.481794474511,0.07150637948091247,0.33984065,46,0
-511.022,92.88496,9.455931,44.366585,0.48580968,3.9596403,14.960627,-21.009441,-0.55905247,-0.38787842,-16.979969,1.114069,-2.6254663,-6.5076604,1.1328728,-2.1823719,-3.034536,-1.1084781,-1.0382055,-3.511841,0.018740177,2774.327857049241,2300.0060388897946,5007.693527918782,0.09085749127538072,0.46863934,46,1
-332.2452,150.91638,-5.170307,27.74504,8.84778,-0.80212146,-10.861244,-3.6153574,-5.7541394,-8.335498,2.3635392,-4.544393,-6.0561066,-1.7077136,-1.7689197,-5.294939,0.44290248,-0.5816952,-6.547754,-2.53882,0.04207377,1981.9609357740462,2331.27150316427,3890.4839984050095,0.047544563740548204,0.3901043,47,0
-290.96802,89.161064,6.407687,57.31156,1.515188,28.490917,-11.555937,-5.0365944,-7.451803,1.63805,-9.542448,4.1303363,0.9242383,-4.48219,2.3536277,-5.3571568,-5.8259892,-5.0860085,-0.50915086,-8.096506,0.07776001,3490.5868973117417,3705.9085680613034,7470.2416396722565,0.0725368923611111,0.45514387,47,1
-389.6785,111.68619,1.0633569,24.404041,-32.59091,1.9776565,-16.970295,-17.719254,-5.908999,-12.987336,-12.22182,-9.802018,-4.4413376,-10.678825,-9.616091,-8.760271,-6.443773,-7.540511,-8.694432,-9.406784,0.031539854,2989.819672389086,3200.700819426182,5929.417793440736,0.06692487323791714,0.33901682,48,0
-324.55884,120.646385,-3.6018798,51.012596,2.5795114,31.364058,-6.768253,-10.2192335,-2.6773918,-11.434838,-15.16936,-8.294628,-5.027872,-12.141599,-7.139357,-5.9726024,-10.857915,-7.443465,-2.1645126,-6.928227,0.086988166,2452.1689855386417,2756.376465640022,4629.046014908256,0.05761270785550459,0.38324824,48,1
-370.41394,133.02965,7.4341154,15.653756,-19.057226,0.112583786,-8.560004,-17.617008,-0.12743847,-6.6181726,-12.2354965,-1.2346748,-6.3310905,-11.34419,-6.1995025,-7.5466576,-5.1075025,-6.4424014,-7.579316,-3.9051762,0.043848336,2039.8033656290816,2452.873192660157,3598.2626271802324,0.04814063797757475,0.3519991,49,0
-252.11156,118.904884,8.691595,66.02658,3.7876744,24.221346,-16.009312,-5.91255,-6.7473817,-2.2037094,-11.8086405,0.11452452,-1.9112395,-4.9558606,-0.7426336,-3.544699,-3.026954,-5.4895654,2.2640815,-5.5727916,0.14204206,2748.5529107462517,3076.3975738648683,5270.186994175711,0.06510879607971556,0.43723974,49,1
-375.2187,125.49436,10.291852,21.313292,-17.352055,13.969011,-15.478942,-10.761958,-8.466555,1.8374212,-13.963739,-7.03073,-2.0726962,-5.874383,-4.10311,-7.439602,-2.252242,-2.33324,-3.3681886,-7.0872016,0.027139343,2983.0541579366095,3381.8440867779736,5782.696419118721,0.074930636682243,0.3701113,50,0
-267.10486,122.43105,6.1555796,47.3153,-2.1264684,17.085709,-10.327374,3.103373,-1.101701,-6.7234344,-8.332659,-6.4165893,-7.174952,-7.607039,-0.014269858,-2.3149753,7.606669e-05,-1.3903313,-1.7277204,-8.508994,0.11698919,2623.854453149067,2937.7768947867844,4876.308385970745,0.06438767453457447,0.41553262,50,1
-454.02216,99.70704,-16.166328,38.689182,-2.298005,18.652227,-15.587182,-4.879961,-0.8033789,-13.311415,-5.215665,-7.786262,-9.920412,-4.392908,-4.200491,-6.6530814,0.73402905,-14.256677,-10.848303,-10.773774,0.02345472,2980.6942573034003,3106.6974643264675,5690.835674157303,0.06288160307428214,0.33227205,13,0
-370.10678,69.43138,10.239223,32.59401,7.4887667,5.3150177,-7.6403956,2.4012842,-10.533319,-3.974808,-3.1394014,0.44238704,-3.9549756,-0.21179356,-1.2381126,-2.3015437,2.7181182,-2.7032416,-4.1294293,0.7854118,0.05262993,3861.984219932867,4181.96261360554,8327.455697408537,0.07663236788617886,0.39913186,14,0
-425.6121,174.72452,19.215588,26.40028,12.355578,-11.081931,2.4081964,-6.6980557,-10.747197,-4.5590286,-9.463763,-8.917141,-9.765676,-7.5330725,-0.262441,-7.737185,-8.191925,5.8134327,0.41693717,-7.9343762,0.0445421,1283.088276274783,1341.007429618965,2274.277052238806,0.036902402052238804,0.39402783,14,1
-323.15253,147.15884,-8.127609,4.2123404,19.062502,-3.0641415,-13.797394,-24.224743,-14.07133,-0.7522749,-7.2834063,-8.080433,-6.311734,-8.384444,-6.007273,-6.3160167,-5.5643845,-0.16671127,-1.8943175,-6.3229136,0.097190835,1514.1924494500472,1360.909099925147,2709.375,0.04477017000786163,0.3451863,15,0
-399.52658,182.35536,14.808926,20.82971,19.431843,-2.9612458,2.5808408,-3.2060428,-5.6691847,-6.8407435,-7.86948,-0.2477125,-7.504577,-9.379238,-0.4043719,-8.701028,-10.979664,-1.3121045,-3.4031157,-4.829426,0.052763652,991.5967933697301,1261.0408799315103,1706.4903846153845,0.022499332264957265,0.39710537,16,0
-402.06418,147.56636,5.3521743,21.73284,5.341646,-17.346972,3.9720092,-9.185874,-22.602503,-12.066524,-10.992656,-10.487381,-8.759439,-8.380636,-6.2252355,-8.815973,-7.514634,-2.1705184,-6.42181,-8.553651,0.059429046,1533.2391887270373,1485.6254450619267,2625.471105527638,0.0478834602701005,0.32253927,16,1
-404.1856,76.69733,11.603558,20.430384,9.181476,-5.937201,-21.371437,1.8424282,-8.567024,-6.415971,-1.3029639,-10.251941,-7.330198,1.1375834,-3.5604432,-3.6360352,-3.113458,-9.094368,-6.3808327,0.13871838,0.042897563,4172.847516162216,4384.909117713437,7906.6250138765545,0.09559124528197158,0.3206044,17,0
-331.26816,173.40218,-2.527127,14.99977,14.016968,-1.7653283,20.041655,1.3550196,-18.739857,-7.125131,0.15771341,-1.451579,-10.708653,-8.905095,3.9271364,-5.3402214,-15.505423,-3.0083728,0.6840034,-5.674388,0.10107922,1317.929648430862,1409.414405407717,2444.1964285714284,0.03245814732142857,0.44299537,17,1
-488.33102,120.472244,5.3086343,21.895128,15.076005,-2.1211753,3.3347788,-12.0158615,-10.528839,-2.2102914,-16.154879,-11.77945,0.15834677,-10.5220375,-12.888883,-1.8758155,-4.2542477,-8.549668,-6.5020337,-6.624836,0.026293984,1810.7357778590065,1652.2123418488422,3224.134103019538,0.0536233417517762,0.38356885,18,0
-346.7689,107.09516,-10.015567,22.787493,1.6768357,-1.6157256,7.4938583,-19.833109,-6.130932,-4.4195232,-19.561064,-4.1998487,-5.961344,-13.77656,-2.0204892,-0.4676611,-5.823201,-1.1550893,-3.03664,-8.448187,0.06324516,2548.824405112136,2150.0639485836723,4872.2281998502995,0.08535419395583832,0.45161957,18,1
-352.72723,196.45175,15.352299,1.6022059,21.478043,12.101001,7.62571,-4.8599796,-7.438981,3.4608517,0.298666,-6.8606024,-3.172214,3.45772,1.6954935,-4.40167,-2.0477664,1.8436626,-1.6985322,-4.4823327,0.07078615,852.7439328782386,1093.257073374506,1634.406887755102,0.020279864875637755,0.4460011,19,0
-370.22495,152.80475,-0.21977454,36.223152,22.862276,-10.092308,6.0125413,-6.2718515,-6.7445383,4.779361,-9.622143,-11.734993,-8.489603,-8.810401,0.4088369,-3.16058,-6.7259336,1.5734241,-4.87546,-6.7847705,0.06094948,1682.2355522213734,1732.2851665109167,3300.0318336162986,0.04698359905560272,0.46012616,19,1
-461.28247,137.2123,-15.685862,30.211933,13.171012,-8.803106,7.206293,-12.252916,-7.8444543,-1.8370866,-12.671715,-3.1778452,0.058061283,-2.048205,0.652344,-3.990406,-5.6040406,-3.8938153,-7.953512,-8.05626,0.02025032,1999.472102355417,1875.700122069239,3797.8251689189187,0.05473368876689189,0.4375927,20,0
-429.15634,146.05334,47.91289,8.978966,7.594756,8.147658,7.943384,3.826265,0.83851635,0.66770583,-5.0518546,-10.763375,-9.053107,-5.0238853,-1.8420312,-0.27014008,-1.5910736,-2.4886017,-1.7561566,-1.4950638,0.048264265,932.4782154948857,1141.5196549013713,1736.9128184713377,0.022593115545382167,0.4871504,20,1
-582.8986,115.504486,-9.485779,37.46046,8.57358,-19.05976,2.7757075,-19.523762,-19.443832,0.4989578,-8.562496,-12.636364,-7.7729125,-3.4410002,-1.6292497,-6.699035,-5.917714,-1.9197211,-8.022706,-8.583575,0.006536191,2367.3729161865444,1976.4158200405868,4340.761382004311,0.0746002197265625,0.35943642,21,0
-351.71848,162.67719,-27.45014,25.364588,22.944836,-9.495561,-1.3796247,-7.5240307,-4.864661,-12.21408,-12.602749,-2.5021682,-14.758982,-8.10062,0.63251114,-13.068134,-5.444364,6.005002,-5.6124954,-8.344551,0.05924911,1851.827155794783,1629.083785579816,3402.269616788321,0.05370808622262774,0.4095156,21,1
-395.99725,95.2444,-21.897806,30.590351,-5.270052,23.049316,-14.410925,0.83165777,-14.366573,-10.579475,-2.0368137,-18.410395,-10.32969,-6.695658,-9.953132,-11.365202,-5.302107,-13.34714,-7.934429,-11.092481,0.03290402,3423.1528430678495,3268.2659541691187,6415.457167170953,0.08105542620083207,0.36283088,22,0
-347.05212,170.53331,-15.732991,14.580862,24.134954,4.419512,7.9758167,10.205435,0.57076526,-4.9078765,-5.9689,0.67652255,-0.47496173,-5.8772993,-4.2716837,-2.214624,-0.61526716,-0.33488888,1.4223659,-3.4631717,0.047910146,1773.1853587026455,2119.235794747483,3312.8681282722514,0.04243956560863874,0.4981541,22,1
-369.7775,129.49135,15.184037,20.77378,11.325765,-14.609882,-26.602814,-9.591635,-10.604333,-18.693066,-14.273367,-11.509066,-16.56166,-8.028685,3.6123426,-2.6494458,-1.98524,-2.274489,-4.8880644,0.14126629,0.08245673,2088.4990730657155,3185.6198324711945,4186.592109770236,0.040445002898397975,0.2796342,23,0
-279.92435,163.86017,1.4641585,48.989517,14.918613,-14.452704,7.3457775,-19.535624,-16.48427,-1.9577599,-10.41523,-0.56741506,-2.4398024,-8.56449,-2.14588,-10.280422,-9.929728,5.6771426,-1.1259968,-9.594437,0.16558214,1637.5148166447016,1739.4200529968907,2975.3832547169814,0.046941025452044025,0.3995348,23,1
-651.45215,98.465744,16.838427,18.977379,20.851086,12.491918,4.1941223,-8.219129,-3.3345544,-0.90548503,-6.052771,-1.6655811,-0.9434942,-1.5086069,-0.4038272,-6.5434213,-7.6230917,-2.2546782,-4.2751374,-7.6913633,0.0064137443,1674.224216021647,1836.8457979900782,3468.8787774725274,0.043653774610805864,0.5519278,24,0
-381.2052,148.06512,16.26062,19.30662,4.301901,10.784857,0.9891836,13.869753,7.239197,-11.826327,-1.9456726,8.509622,1.0742178,2.492523,4.6445932,-3.6654866,2.4899256,-3.4965534,0.57345307,-2.9228382,0.04838431,1965.6312231031727,2523.3076220348303,3346.8282418952617,0.04396723036159601,0.5772802,24,1
-475.7916,113.21137,-8.318798,33.65274,12.394112,-12.656778,8.358452,-4.2049613,-4.6352134,2.4236786,-13.914639,-19.117554,-14.258521,-13.603606,-9.9709635,-0.22531688,1.8413657,-6.799467,-8.326695,-4.3054156,0.027578466,1987.8065085997703,1733.0379218316302,3718.3354591836733,0.05483431653911565,0.33017826,25,0
-521.2334,98.07166,5.278939,50.723545,-15.853404,33.209816,-9.849757,14.289727,-6.8627896,2.0509765,1.2274817,-7.8650646,1.0783917,-5.615698,6.7211766,-3.8762157,7.1860566,2.511345,5.6852236,3.7552366,0.0043002972,4748.586853876901,4527.4952540337,10266.88550420168,0.11378348214285715,0.5678868,25,1
-498.27377,112.85502,24.508394,18.243797,9.944667,-6.4840727,-2.3920763,-7.09795,-11.172053,-4.312392,-6.275179,-5.9157753,0.92319125,-3.1830819,-4.148811,4.088094,-0.39222097,-7.3691807,-1.450586,1.2575885,0.01957383,1493.3294766102986,1430.2960088984962,2578.245501285347,0.04640868513014139,0.39981133,26,0
-341.3593,174.20554,-1.4674121,19.590336,11.619993,5.101261,-4.0204163,-3.159997,3.1689649,-10.599772,-11.279098,-0.9403593,-5.193698,-10.834376,-2.0892556,-2.0545623,-3.3457463,0.57175136,-1.7740166,-5.4130893,0.0482215,1494.96392208865,1942.6917291194727,2800.819728818747,0.035275929181315925,0.39924753,26,1
-306.2666,115.734215,-1.7894869,16.825197,-6.97432,-1.0273359,-15.588875,-3.7785408,-6.404124,-17.139738,-7.537425,4.11737,-8.353712,-4.3066735,5.419087,-7.11864,-0.5215272,-1.0466796,-7.50205,-2.8752544,0.062655,2593.030196552168,2803.2351297853224,4699.818772536058,0.06353021978021978,0.3132293,27,0
-320.12372,127.62948,-16.375332,27.272562,-1.0689425,9.100019,-2.1713831,0.7294291,10.607796,-4.285534,-6.5778317,7.782949,3.3185382,0.17374472,7.1660867,1.1810061,2.7645154,4.5034914,1.2742071,-3.014435,0.038302854,2638.6580114863073,2842.1926464557787,5226.208552870639,0.06449854651162791,0.44735467,27,1
-177.06793,168.86803,-26.290043,43.59587,-9.155785,13.832695,-16.588387,4.532851,-5.252595,-0.7343165,4.4087024,-1.6347684,1.128704,2.4921148,-2.6954498,-7.767427,-2.2107403,-3.4141984,-7.5159636,-7.0363135,0.13191485,2164.666266904883,2570.20135156593,4069.5012166381,0.051973976187561215,0.39205346,28,0
-237.97836,158.94443,-22.26791,29.592968,-0.79133934,8.089843,-13.886935,0.93626374,-6.3550806,-3.1776202,-5.9132924,2.1418881,-0.079313554,0.27034596,4.7817965,-0.5746138,-0.26148865,-1.9425592,1.5339541,-4.953005,0.10440701,2091.243319054057,2603.602177716581,3990.6961807763223,0.04445644312690743,0.39671254,28,1
-223.07512,149.90857,4.35286,40.897495,-6.8067174,0.95831466,-12.502102,0.47312844,-6.461076,-7.21388,2.7753117,-2.1238863,-2.9314637,-0.6164943,-2.5111806,-4.3851676,3.0502038,-4.366088,-5.4681444,-0.8604677,0.16258991,2133.8388185237504,2658.2213879133105,3978.3486072257097,0.05050278043122271,0.3859821,29,0
-428.31418,169.29839,18.528757,14.883468,23.97851,5.4884605,8.188015,9.69781,3.8641453,-4.125546,-8.59437,-2.283003,-6.5213394,-14.165679,-6.844236,-4.023737,-4.721035,1.8850368,0.058946293,-6.6810226,0.03490314,1070.776268223304,1338.005580238831,2081.143465909091,0.024344867563502674,0.49170285,29,1
-446.37653,146.05684,27.461409,19.019276,6.5828037,18.96536,1.633655,5.102201,-4.1116514,-8.42481,-6.338061,3.9816675,4.973659,-2.3124576,7.7030473,-11.9635105,-2.0806472,6.153836,-6.482058,-3.2446709,0.021378716,1663.131943983894,2164.5172298751995,2943.381539879647,0.04086410110251674,0.45524144,30,0
-362.1065,122.25342,-7.4203315,18.864964,-2.3212154,31.631645,-8.301002,-11.47657,-11.405029,-6.846357,-5.1532774,-8.440901,-11.122186,-6.7725925,-0.41834086,-5.089916,-5.9706354,-3.0071814,3.1263285,-4.6329675,0.03308587,2596.8187117728526,2854.571604127104,4980.261684559628,0.0680570038977024,0.40553173,30,1
-341.18442,121.78642,-25.778915,5.3557158,-14.070336,-11.841103,-19.619654,-9.548466,-6.2639747,-17.197731,-5.104368,-4.3591886,-12.541135,-4.031134,-5.7167454,-13.054347,-6.4280086,-4.313425,-8.290095,-9.834637,0.05007626,2419.0012310357365,2391.650188225699,4336.307112277476,0.06718629063467492,0.31501803,31,0
-462.20517,153.41296,2.5738983,0.115219,5.372684,-0.8170659,-1.0034372,-14.001902,-7.2682405,-5.391271,-14.815336,-5.6670136,-6.4056163,-7.7472124,5.8820267,-1.5717605,-13.730596,-5.43594,0.9352249,-3.4358728,0.019014493,1304.1588777357215,1411.1671833970781,2418.425346744218,0.03410268102973568,0.37378252,31,1
-329.3228,133.7773,-27.170206,49.130596,-11.57034,24.464825,-6.2549915,-9.422213,19.509407,-12.35072,12.841462,-1.4107865,-2.73534,1.8751409,-7.8745875,-0.12879986,-7.427105,2.740036,-4.574882,-4.9899716,0.031384826,2864.313809714819,2789.6904769634766,5810.327478357263,0.08145718961148649,0.4185531,32,0
-425.8681,116.677956,15.713991,27.6984,4.4381204,6.119286,6.879425,7.301366,-1.1945205,-0.43632564,1.2877562,-5.7578516,-3.6384995,-1.4808415,2.0780458,-3.6724777,-6.018032,0.9488551,0.09610709,-5.1084414,0.021964267,2002.6451140612178,2436.75569800942,3783.2510794607356,0.05050905504473161,0.549905,32,1
-327.61905,123.61208,-10.82643,18.06031,-15.32179,-10.945957,-24.413128,-5.165182,-13.572407,-7.883003,-4.7992964,-5.8663535,-10.829269,-5.689581,-8.891468,-9.357212,-1.9401691,-8.526181,-7.96079,-10.083466,0.045525707,2701.5137111170347,3013.1174286220703,5002.175532875723,0.06495094876823562,0.32586685,33,0
-506.73218,94.31657,11.629534,29.246416,12.228013,22.52415,13.9923115,11.40257,10.007267,5.7982435,3.4554265,0.27804032,2.3125534,-0.1225927,3.2901492,1.1415105,-2.9856226,1.3610955,2.7972257,-1.490851,0.012935143,2031.935820371442,2727.5449994684345,3899.641765934406,0.03776901127612761,0.58892965,33,1
-295.29233,137.03424,-37.703762,24.285812,-10.161963,-2.2653835,-15.367711,-10.371892,-4.914759,-11.690213,0.96246624,-10.053597,-3.7626565,1.6590917,-9.608758,-7.4229283,0.9953006,-5.848123,-7.9505877,2.8897126,0.05587809,2470.9990490069513,2492.21907995141,4762.104220533167,0.06337045478185925,0.32301837,34,0
-356.85706,130.67455,-14.680942,24.710762,-6.280765,41.3346,-7.4251156,-16.60299,-6.316019,1.5518892,-9.744191,-9.060523,-1.5998635,-5.318552,-1.1090539,-4.8045487,-1.2081906,1.6957798,5.1259313,-2.0635905,0.033351455,2689.079000680857,2833.4309927453146,5055.055679581739,0.07362585758166569,0.41704968,34,1
-285.0473,150.42982,-29.726536,41.76526,11.001056,6.8509264,-7.4847856,-7.1828995,-5.5808597,-21.419754,9.747372,-6.3591285,-10.068224,-1.8002855,-9.633721,7.3900585,1.6475382,-3.9508371,-3.2498548,-2.8684545,0.07406237,2198.0554346033846,2176.8490035586087,4175.6758356524615,0.06416176533689683,0.3641204,35,0
-307.7472,93.80018,-20.437223,45.241566,-1.8375303,13.836514,4.1125994,6.454154,-6.0728774,-1.3844184,-0.6247067,-7.8950253,-1.9332486,-6.9359765,0.57758105,-2.7863631,-6.9529295,-1.1089485,1.1502755,-6.5836926,0.06720545,2953.995453868573,2991.039594397569,5849.826046758008,0.06911714525270382,0.48588988,35,1
-266.42523,137.69334,-35.07528,49.233036,-3.4390101,22.954496,-4.769494,8.145728,2.0171943,6.85581,2.461054,2.8758502,6.925924,-1.8816563,7.5273423,0.6561913,2.4655883,-0.11211142,5.766237,-0.94186103,0.046362013,2845.519819347179,2923.96474364244,5559.496450216573,0.06588501508073295,0.56625515,36,1
-339.32706,161.90045,-23.856453,44.078445,-4.950018,-5.4268584,-6.6335783,-5.1675444,-3.4345086,-12.899071,5.616276,-5.458869,0.6451428,1.3729143,-9.419431,-0.05158075,-1.3208913,0.22650784,-2.5639215,-2.589329,0.0331218,2096.4138968745315,2392.751726631131,4175.800620151708,0.04914303380302435,0.32328954,37,0
-243.31348,142.34305,-31.21842,41.67175,8.409821,-11.678516,-1.4219326,4.726805,-10.844856,-19.251911,-4.241909,-1.9817879,-2.3659782,6.7424526,1.5654176,-7.2890964,-2.9275281,0.6729127,-2.4953318,-7.1867623,0.09232943,2328.980037848707,2372.9135057654044,4611.42320879411,0.06049688198931411,0.38134894,37,1
-351.02945,161.82088,4.3399014,13.698786,6.462299,17.816904,-2.4492216,2.1291022,7.096955,-0.943462,0.73709834,6.844829,0.99266475,1.5043977,3.4363122,-0.34801853,0.13006109,-1.03401,-0.111787625,-2.6432872,0.03856667,1675.4551794976835,2262.666637021495,3061.236098518745,0.035580874387716656,0.5019975,38,0
-323.52682,131.98889,-7.788529,15.742195,-11.489375,4.138467,-14.34054,-20.75962,-8.741491,-10.175202,-10.15402,-7.644084,-6.7943673,-3.300754,-4.271206,-9.135975,-2.5846822,-4.0874534,-6.2561984,-3.8088646,0.068287924,2608.425536928172,2713.244777940121,4858.178274561971,0.07436160556796802,0.38116202,39,0
-283.80164,159.75327,-7.49106,36.935574,8.752219,2.7958534,-10.570069,-12.177923,-7.727113,-12.68256,-7.3542724,-4.4253654,-8.327981,-1.4727833,5.447374,-6.0774436,-3.2458055,7.4111814,-0.8413915,-6.6339493,0.091994755,1927.3931072332277,2339.336927890144,3580.6973511282586,0.04459547351512543,0.33698285,39,1
-280.3532,118.207695,-27.839771,38.001617,-15.206425,11.8675995,-21.671883,2.7836454,-15.500406,-12.335572,-10.200943,-5.5699086,-7.9317336,0.53678054,-2.8930264,-9.821941,1.654198,-3.960633,-2.3402572,-7.781244,0.045401447,3319.000112342593,3230.085633684334,6271.378916317654,0.09380411364368557,0.37541032,40,0
-364.37393,158.60812,-6.094951,29.561632,6.675017,1.4043399,-10.929246,12.011,-2.198215,-4.7553425,5.295751,-3.6283035,-5.3539586,-0.28876463,0.5520679,-5.672416,-0.13393137,1.9672354,-2.1056256,-2.4606812,0.0265471,2092.819926718119,2571.598189543352,4059.450495793269,0.04630408653846154,0.41520745,41,0
-228.59824,162.52087,-22.627756,37.73149,-0.14173953,1.0443057,-7.293488,-6.040703,-3.1524875,-7.228326,-2.8539994,-0.44710097,-2.5329678,4.7350183,7.8631945,-7.464881,-5.844526,4.532285,3.0034895,-4.913471,0.13624772,2045.8727771362228,2190.9833930278496,3782.1746048229243,0.053524586899126,0.35029936,41,1
-282.71338,139.36276,-8.479642,13.031743,4.3980336,-6.426455,-3.5647852,4.046549,-2.143416,-10.418237,3.931511,8.1999855,2.4424775,1.6305689,3.748464,1.5158958,2.607461,4.2616367,1.8928862,-0.53030646,0.060694657,2042.1106648252965,2268.8726438902986,3926.1486309404954,0.052048418958238245,0.38638884,42,0
-346.8532,115.52966,9.635816,48.76543,11.404877,30.878237,10.379588,7.457276,-1.4091433,-2.6957433,3.8213143,6.719568,1.7812451,-2.6863966,5.157313,-3.3827262,-1.6538721,0.6133287,-1.3685739,-7.141869,0.069088995,2048.9973033550186,2761.582266283339,3811.471708694307,0.04111795456889439,0.54515606,42,1
-263.0482,119.70088,-28.747982,39.159073,-7.162581,11.588212,-22.27085,3.6063483,-7.7179065,-10.6388855,-3.9311438,-3.0245662,-9.843474,-3.7066495,-1.4075941,-10.198205,3.0173671,-3.0369463,-3.2847366,-1.6428908,0.06431051,3195.743994314404,3213.8738494626623,6293.445903483927,0.08171003308563787,0.37578347,43,0
-277.79913,102.51272,-21.87945,54.216614,11.441401,22.727537,-15.336974,-6.0689044,-8.318451,-11.703432,-9.541025,-8.433336,-1.5705099,-9.984222,-0.18665968,-4.313449,-6.94692,-2.9043415,-2.1152034,-6.842862,0.08709192,2948.0126689797976,2866.2303321444892,5450.8530335608475,0.07558364195641527,0.36893347,43,1
-332.78918,152.89917,-0.715165,30.029501,10.042772,8.859757,-8.025116,-7.3554077,-9.530175,-9.230462,-0.81582975,0.694613,-3.415826,-5.029803,3.2746913,-6.442494,-1.2332963,0.1537637,-3.6006985,1.7483851,0.043715786,1907.7874489803237,2346.2894673180076,3715.8271811188315,0.04286710551971072,0.39890382,44,0
-269.88736,114.3932,4.2775497,53.71467,9.686512,25.880203,-14.399716,-2.243806,-6.968892,2.6834455,-7.7565985,0.15278621,-2.401486,-0.35832283,3.2379,-7.1958413,2.2934813,-1.6879236,-1.7835116,-8.034816,0.104937054,2756.673492184783,3042.8678097309657,5111.9856550886825,0.06409644507789039,0.44991016,44,1
-474.2455,113.32099,-1.7520285,8.826341,7.678136,-5.9654994,4.076894,-9.532178,-14.1614065,1.0136158,-4.8573537,-8.991468,-1.006419,-3.6045413,-6.3233047,-3.0656865,-2.8355522,-2.7360702,-3.530787,-4.9917216,0.036426794,1939.6587298021122,1762.8860320011247,3626.7301038062283,0.06224318771626298,0.4612264,45,0
-231.16077,130.45415,1.5134846,50.518524,4.122156,19.430885,-12.820791,-2.131046,-6.3801475,4.279217,-7.9468904,0.5960698,3.2874901,-9.801788,-5.939757,-8.051586,-0.44390252,-2.1763713,0.766419,-7.851666,0.14517637,2524.3743488196187,2897.2985736521086,4859.544248665859,0.058831879829099,0.4137577,45,1
-312.9742,123.64017,3.901825,20.22581,-8.77379,6.7314515,-17.680452,-3.6883137,-3.8361742,-11.55465,0.4595648,1.215691,-0.6341115,2.7285683,2.1081998,-3.6175766,5.8480067,-0.9061145,-3.766115,-1.9506136,0.053124376,2721.525761231863,2743.219383434229,4879.315452507115,0.07629752916229779,0.36936733,46,0
-460.00735,120.66264,17.50702,40.847214,5.853827,-5.9970603,4.448694,-12.766715,3.4243917,-4.587438,-22.232271,-1.2529851,-2.8815684,-8.064346,2.2384264,-3.3575232,-6.031418,-1.3723959,-1.8929913,-2.7085383,0.037603755,1958.784999922617,1948.1480883974464,3629.279384328358,0.05789922458022388,0.4402686,46,1
-282.16888,144.52791,-32.690254,13.808092,0.5002013,-9.076496,-15.637876,-11.947913,-11.531993,-14.957344,-10.58573,-8.950062,-12.121178,-9.441314,-7.743636,-8.77025,-5.332721,-5.276434,-9.719941,-5.746983,0.10236929,2089.091709143436,2126.850090731301,3757.6309791815265,0.05568008314015692,0.33645448,47,0
-253.71603,109.4954,1.3048705,52.68701,-6.992785,20.320002,-17.645094,-12.273149,-13.203027,-0.75318503,-12.598241,-4.218248,-5.9008584,-9.450674,-4.9164867,-9.821058,-5.829273,-5.5209513,-2.1737118,-11.525116,0.12006786,2898.096707759599,3142.7094440150026,5546.275281970828,0.06682099092605157,0.37823334,47,1
-390.32587,117.65007,-0.055001475,29.836872,-45.18626,-0.17748737,-12.859979,-14.819231,-6.780275,-16.803349,-15.829542,-8.561272,-0.6939655,-16.28961,-14.074276,-8.972099,-4.917318,-5.3105736,-7.978499,-5.765933,0.035220217,2980.4890534531223,3182.187257555503,5985.189800613497,0.06542070072852761,0.32792467,48,0
-320.52466,117.10332,-15.971626,43.692257,1.7332908,31.544891,-7.0542574,-8.156266,-3.0671003,-10.542556,-12.869612,-5.319962,-4.1454225,-11.506828,-4.599327,-4.21723,-7.569593,-4.878178,-2.424924,-8.086176,0.07682088,2869.7604279122534,2860.006180691857,5317.569971710835,0.07954098508833646,0.43823704,48,1
-369.14862,143.18005,8.99357,16.844471,-22.377857,1.2293582,-7.790083,-19.37833,0.099983975,-5.937873,-12.685172,-0.29805136,-4.129419,-8.301325,-4.6849008,-6.507007,-2.1144745,-4.781946,-6.710683,-3.779449,0.038389284,2292.616397504855,2441.3298906459772,3946.0239660412262,0.06676927799066244,0.3858341,49,0
-265.79504,112.488556,6.023613,52.033764,1.4487743,18.852022,-13.935287,-3.0145667,-5.113598,-1.6961247,-11.950658,-0.2667874,0.70587516,-3.1594102,0.8454202,-3.8830206,-3.515471,-4.808756,1.7085017,-7.185893,0.12365264,2851.506445963621,3170.278228107324,5495.845208301614,0.06495746422046285,0.44697183,49,1
-391.37265,120.752625,22.83467,10.1304,-6.2444315,9.8811245,-9.982932,-13.822887,-5.988909,-0.6131751,-10.815676,-4.389955,-0.09030062,-6.7268324,-4.120088,-5.3365393,-3.2903965,-0.1126074,-1.6899996,-3.9202285,0.024058087,2891.596291020121,3514.310906027712,5977.173327602716,0.0669251338353064,0.41161832,50,0
-245.72113,120.271736,-2.450972,40.540836,-1.2004402,15.430557,-11.773646,1.5232185,-0.65397036,-9.436961,-8.78957,-5.4447126,-7.9626923,-7.021672,0.94241995,-0.07475758,0.17416526,-1.9025255,-1.3500017,-8.328105,0.13953482,2555.8036878938233,2897.3573636838164,4834.225852272727,0.06091629182449495,0.3947628,50,1